{
  "global": {
    "rho": 0.29952521944222354,
    "ci_lo": 0.10629125429464534,
    "ci_hi": 0.4706193360630099,
    "n_pairs": 120
  },
  "by_category": {
    "never": {
      "rho": NaN,
      "ci_lo": NaN,
      "ci_hi": NaN,
      "n_pairs": 41
    },
    "under": {
      "rho": 0.017230747931686975,
      "ci_lo": -0.22653292403831005,
      "ci_hi": 0.25749352735154174,
      "n_pairs": 71
    },
    "positive": {
      "rho": -0.12123216124221799,
      "ci_lo": -0.8554982035759168,
      "ci_hi": 0.7190924955066748,
      "n_pairs": 8
    }
  }
}